{"rews": -102.65007539221463, "_timestamp": 1699540965.5132656, "_runtime": 372.23389863967896, "_step": 17, "comm_savings": 0.5364312065972222, "_wandb": {"runtime": 400}}