{"total_loss": 94565.1484375, "_timestamp": 1700596218.36425, "_runtime": 252.0214250087738, "_step": 16053, "rews": -7.753248335347381, "Mean Reward": -7.277367262086456, "_wandb": {"runtime": 251}}