{"rews": -102.49313899259889, "_timestamp": 1700343114.2883766, "_runtime": 547.2878906726837, "_step": 25, "comm_savings": 0.4957932692307692, "_wandb": {"runtime": 581}}