{"total_loss": 93.74365997314453, "_timestamp": 1700595942.9736748, "_runtime": 131.165620803833, "_step": 8179, "rews": -12.405725017349749, "Mean Reward": -7.810183261848364, "_wandb": {"runtime": 130}}