{"rews": -14.236967693875817, "_timestamp": 1700591066.1413026, "_runtime": 24.631840467453003, "_step": 24687}