{"rews": -106.54280734720861, "_timestamp": 1699540534.679682, "_runtime": 45.03656506538391, "_step": 1, "comm_savings": 0.533935546875, "_wandb": {"runtime": 50}}