{"total_loss": 53.0414924621582, "_timestamp": 1700597164.485374, "_runtime": 647.5960528850555, "_step": 41241, "rews": -7.381111092057711, "Mean Reward": -7.515288222623689, "_wandb": {"runtime": 646}}