{"rews": -1901297.5760606201, "_timestamp": 1700589301.41495, "_runtime": 206.84035992622375, "_step": 254888}