{"total_loss": 51.57617950439453, "_timestamp": 1700595080.6050713, "_runtime": 323.66230034828186, "_step": 20676, "rews": -7.403129395429074, "Mean Reward": -7.521092222775049, "_wandb": {"runtime": 322}}