{"total_loss": 140.369873046875, "_timestamp": 1700596471.1376302, "_runtime": 154.99853610992432, "_step": 9674, "rews": -14.830946138049999, "Mean Reward": -7.406203199072423, "_wandb": {"runtime": 154}}