{"loss": 143.8948535692839, "_timestamp": 1699644046.7305243, "_runtime": 5782.365300416946, "_step": 171072, "rews": -101.22948602458293, "comm_savings": 0.5304321289062499, "_wandb": {"runtime": 5779}}