{"loss": 19.8583390517775, "_timestamp": 1699554242.3258667, "_runtime": 13202.275733709335, "_step": 390087, "rews": -106.21931291354454, "comm_savings": 0.53205322265625, "_wandb": {"runtime": 13227}}