{"rews": -437716.9236385632, "_timestamp": 1700515682.7817824, "_runtime": 47.178810358047485, "_step": 53851}