{"loss": 65.65935565392515, "_timestamp": 1699650515.9540644, "_runtime": 1537.7790212631226, "_step": 29035, "rews": -59.72803594609204, "comm_savings": 0.48503311820652173, "_wandb": {"runtime": 1538}}