{"rews": -5.571285835452776, "_timestamp": 1700592492.0106184, "_runtime": 537.389000415802, "_step": 46348, "_wandb": {"runtime": 536}}