{"rews": -106.38007357560717, "_timestamp": 1700345631.231591, "_runtime": 2295.7209548950195, "_step": 109, "comm_savings": 0.5080211292613637, "_wandb": {"runtime": 2317}}