{"realrew": [-109.49629378379838, -100.4812982501462], "_timestamp": 1699540203.369861, "_runtime": 166.59174799919128, "_step": 15, "rcomm_savings": [0.2080078125, 0.849609375], "_wandb": {"runtime": 186}}